Pair,Causal Effect Correlation
KLF1 / GATA1 (Erythroid),-0.00609756097560975
TP53 / TP73 (Pro-apoptotic),-0.0060975609756097485
EGR1 / FOS (Early response),-0.006097560975609748
Random Background (Mean),-0.006097560975609749
